{"n_estimators": 7, "max_features": 0.7498942093324561, "max_depth": 57, "min_samples_split": 0.04216965034285824, "min_samples_leaf": 0.23713737056616557, "bootstrap": false}