{"alpha": 0.003651741272548378, "l1_ratio": 0.38125, "max_iter": 10000}