{"n_estimators": 13, "max_features": 0.1778279410038923, "max_depth": 38, "min_samples_split": 0.017782794100389243, "min_samples_leaf": 0.017782794100389243, "bootstrap": true}