{"C": 7.498942093324559, "epsilon": 0.002371373705661656, "kernel": "linear"}