{"alpha": 0.0015399265260594922, "l1_ratio": 0.94375, "max_iter": 10000}