{"C": 1.3335214321633242, "epsilon": 0.013335214321633242, "kernel": "linear"}