{"alpha": 0.04869675251658631, "l1_ratio": 0.49375, "max_iter": 10000}