{"n_estimators": 20, "max_features": 0.04216965034285824, "max_depth": 94, "min_samples_split": 0.07498942093324559, "min_samples_leaf": 0.13335214321633243, "bootstrap": false}