{"alpha": 0.07498942093324559, "l1_ratio": 0.21250000000000002, "max_iter": 10000}