{"C": 42.169650342858226, "epsilon": 0.4216965034285822, "kernel": "poly"}