{"n_estimators": 81, "max_features": 0.23713737056616557, "max_depth": 81, "min_samples_split": 0.013335214321633242, "min_samples_leaf": 0.07498942093324559, "bootstrap": false}