{"C": 0.10000000000000002, "epsilon": 0.0010000000000000002}