{"C": 64.93816315762116, "epsilon": 0.0015399265260594922, "kernel": "linear"}