{"C": 0.3651741272548378, "epsilon": 0.008659643233600656}