{"C": 3.1622776601683795, "epsilon": 0.0316227766016838, "kernel": "linear"}