{"alpha": 0.020535250264571463, "l1_ratio": 0.60625, "max_iter": 10000}