{"n_estimators": 94, "max_features": 0.013335214321633242, "max_depth": 69, "min_samples_split": 0.023713737056616564, "min_samples_leaf": 0.04216965034285824, "bootstrap": true}