{"n_estimators": 75, "max_features": 0.0316227766016838, "max_depth": 26, "min_samples_split": 0.0316227766016838, "min_samples_leaf": 0.31622776601683805, "bootstrap": true}