{"n_estimators": 63, "max_features": 0.017782794100389243, "max_depth": 88, "min_samples_split": 0.1778279410038923, "min_samples_leaf": 0.1778279410038923, "bootstrap": false}