{"n_estimators": 57, "max_features": 0.07498942093324559, "max_depth": 7, "min_samples_split": 0.4216965034285822, "min_samples_leaf": 0.023713737056616564, "bootstrap": false}