{"n_estimators": 26, "max_features": 0.31622776601683805, "max_depth": 75, "min_samples_split": 0.31622776601683805, "min_samples_leaf": 0.0316227766016838, "bootstrap": true}