{"n_estimators": 50, "max_features": 0.10000000000000002, "max_depth": 50, "min_samples_split": 0.10000000000000002, "min_samples_leaf": 0.10000000000000002, "bootstrap": false}