{"n_estimators": 69, "max_features": 0.4216965034285823, "max_depth": 44, "min_samples_split": 0.7498942093324561, "min_samples_leaf": 0.013335214321633242, "bootstrap": false}