{"n_estimators": 38, "max_features": 0.05623413251903493, "max_depth": 63, "min_samples_split": 0.562341325190349, "min_samples_leaf": 0.05623413251903493, "bootstrap": false}