{"C": 0.23713737056616557, "epsilon": 0.07498942093324559, "kernel": "linear"}