{"n_estimators": 88, "max_features": 0.562341325190349, "max_depth": 13, "min_samples_split": 0.05623413251903493, "min_samples_leaf": 0.562341325190349, "bootstrap": true}