{"C": 0.8659643233600655, "epsilon": 0.003651741272548378, "kernel": "linear"}