{"alpha": 0.6493816315762113, "l1_ratio": 0.15625, "max_iter": 10000}