{"n_estimators": 44, "max_features": 0.13335214321633243, "max_depth": 20, "min_samples_split": 0.23713737056616557, "min_samples_leaf": 0.4216965034285822, "bootstrap": true}