{"n_estimators": 1, "max_features": 0.010000000000000004, "max_depth": 1, "min_samples_split": 0.010000000000000004, "min_samples_leaf": 0.010000000000000004, "bootstrap": true}