{"C": 2.0535250264571463, "epsilon": 0.04869675251658631}