{"C": 4.869675251658632, "epsilon": 0.020535250264571463, "kernel": "linear"}