{"n_estimators": 32, "max_features": 0.023713737056616564, "max_depth": 32, "min_samples_split": 0.13335214321633243, "min_samples_leaf": 0.7498942093324561, "bootstrap": true}