{"C": 11.547819846894583, "epsilon": 0.27384196342643613, "kernel": "rbf"}