{"C": 0.5623413251903492, "epsilon": 0.1778279410038923, "kernel": "linear"}