{"alpha": 0.008659643233600656, "l1_ratio": 0.26875000000000004, "max_iter": 10000}