{"C": 27.384196342643612, "epsilon": 0.11547819846894583, "kernel": "linear"}